{"cameraMode":{"drawMode":0,"name":"Shaded","section":"Shading Mode"},"sceneLighting":true,"audioPlay":false,"sceneViewState":{"showFog":true,"showMaterialUpdate":false,"showSkybox":true,"showFlares":true,"showImageEffects":true,"showParticleSystems":true},"in2DMode":false,"pivot":{"x":32.1600341796875,"y":382.5080261230469,"z":62.3825798034668},"rotation":{"x":-0.09947195649147034,"y":0.6952073574066162,"z":0.09813999384641648,"w":0.7051353454589844},"size":439.465087890625,"orthographic":false}