{"cameraMode":{"drawMode":0,"name":"Shaded","section":"Shading Mode"},"sceneLighting":true,"audioPlay":false,"sceneViewState":{"showFog":true,"showMaterialUpdate":false,"showSkybox":true,"showFlares":true,"showImageEffects":true,"showParticleSystems":true},"in2DMode":false,"pivot":{"x":48.14038848876953,"y":-38.617591857910159,"z":238.9178924560547},"rotation":{"x":-0.08133131265640259,"y":-0.09692326933145523,"z":0.007948251441121102,"w":-0.9919360876083374},"size":257.01141357421877,"orthographic":false}