{"cameraMode":{"drawMode":0,"name":"Shaded","section":"Shading Mode"},"sceneLighting":false,"audioPlay":false,"sceneViewState":{"showFog":true,"showMaterialUpdate":false,"showSkybox":false,"showFlares":true,"showImageEffects":true,"showParticleSystems":true},"in2DMode":false,"pivot":{"x":0.0,"y":2.7803289890289308,"z":-0.011555492877960205},"rotation":{"x":-0.10410914570093155,"y":0.015015422366559506,"z":-0.0015710024163126946,"w":-0.9944559335708618},"size":9.424030303955079,"orthographic":false}