{"cameraMode":{"drawMode":0,"name":"Shaded","section":"Shading Mode"},"sceneLighting":true,"audioPlay":false,"sceneViewState":{"showFog":true,"showMaterialUpdate":false,"showSkybox":true,"showFlares":true,"showImageEffects":true,"showParticleSystems":true},"in2DMode":false,"pivot":{"x":-3.841512680053711,"y":-18.18065643310547,"z":106.08507537841797},"rotation":{"x":-0.08469442278146744,"y":0.01803174801170826,"z":-0.0015321729006245733,"w":-0.9962460994720459},"size":195.4808807373047,"orthographic":false}